{
  "outOfMapPosition": {
    "x": 9.888155,
    "y": 60.46822,
    "z": -39.39214
  },
  "outOfMapRotation": {
    "x": 0.213999972,
    "y": -0.207695082,
    "z": 0.0466218777,
    "w": 0.953358889
  },
  "playerCharacterHealth": 1.0,
  "playerCharacterRespawnTime": 3.0,
  "roundTime": 180.0,
  "weaponPickupRadius": 2.0,
  "weaponPickupRespawnTime": 10.0
}